{
  "mode": "baseline",
  "seed": 0,
  "num_true_models": 2,
  "num_extracted_models": 2,
  "runtime_seconds": 0.0651062999968417,
  "tau_mean": 0.6500000000000001,
  "tau_std": 1.1102230246251565e-16,
  "preference_density": 0.20144791666666667,
  "outlier_count_detected": 48
}